Date,Global_active_power,Global_reactive_power,Voltage,Global_intensity
2006-12-16,3.053,0.088,236.244,13.083
2006-12-17,2.354,0.157,240.087,9.999
2006-12-18,1.53,0.112,241.232,6.422
2006-12-19,1.157,0.105,241.999,4.926
2006-12-20,1.546,0.112,242.308,6.467
2006-12-21,1.194,0.1,241.041,5.034
2006-12-22,1.626,0.13,241.185,6.873
2006-12-23,3.315,0.154,240.136,14.028
2006-12-24,1.771,0.104,241.687,7.64
2006-12-25,1.905,0.167,243.4,7.952
2006-12-26,2.732,0.115,241.625,11.348
2006-12-27,1.062,0.124,243.767,4.517
2006-12-28,1.439,0.145,243.268,6.086
2006-12-29,2.204,0.136,240.871,9.271
2006-12-30,1.94,0.217,240.541,8.292
2006-12-31,2.427,0.105,239.897,10.2
2007-01-01,1.909,0.103,240.129,7.917
2007-01-02,1.267,0.104,240.392,5.332
2007-01-03,0.359,0.075,241.321,1.509
2007-01-04,1.935,0.141,240.024,8.149
2007-01-05,1.155,0.126,234.679,5.073
2007-01-06,0.726,0.1,235.323,3.136
2007-01-07,0.713,0.12,240.067,3.081
2007-01-08,0.747,0.1,235.009,3.253
2007-01-09,1.182,0.201,239.356,5.065
2007-01-10,1.195,0.102,239.24,5.074
2007-01-11,0.345,0.059,240.938,1.436
2007-01-12,2.177,0.201,240.266,9.192
2007-01-13,2.213,0.202,239.284,9.453
2007-01-14,2.09,0.158,238.822,8.968
2007-01-15,1.492,0.121,241.241,6.262
2007-01-16,1.171,0.129,241.945,4.976
2007-01-17,1.978,0.139,241.005,8.284
2007-01-18,1.265,0.123,240.894,5.342
2007-01-19,1.028,0.118,240.161,4.376
2007-01-20,2.176,0.166,238.867,9.348
2007-01-21,2.366,0.16,238.968,10.191
2007-01-22,1.514,0.117,241.603,6.355
2007-01-23,1.234,0.096,242.763,5.261
2007-01-24,2.075,0.124,241.458,8.734
2007-01-25,1.109,0.1,243.424,4.629
2007-01-26,1.124,0.099,242.772,4.721
2007-01-27,1.419,0.103,241.617,5.95
2007-01-28,2.147,0.107,240.305,9.134
2007-01-29,1.377,0.115,240.93,5.789
2007-01-30,1.186,0.126,241.841,5.028
2007-01-31,1.641,0.129,239.921,6.924
2007-02-01,0.881,0.132,241.944,3.714
2007-02-02,1.158,0.097,240.334,4.871
2007-02-03,0.358,0.074,240.592,1.507
2007-02-04,1.362,0.121,240.46,5.713
2007-02-05,0.697,0.111,235.582,3.142
2007-02-06,1.031,0.115,234.469,4.474
2007-02-07,0.672,0.123,240.672,2.928
2007-02-08,0.708,0.101,234.857,3.087
2007-02-09,1.154,0.161,240.045,5.017
2007-02-10,1.527,0.112,238.494,6.474
2007-02-11,1.003,0.065,239.349,4.203
2007-02-12,2.046,0.226,240.73,8.619
2007-02-13,0.982,0.094,241.167,4.144
2007-02-14,1.735,0.141,240.375,7.315
2007-02-15,1.379,0.115,240.669,5.82
2007-02-16,1.182,0.105,240.821,5.047
2007-02-17,1.442,0.166,239.316,6.129
2007-02-18,2.66,0.177,239.171,11.239
2007-02-19,1.518,0.123,239.79,6.442
2007-02-20,2.187,0.13,239.865,9.168
2007-02-21,1.439,0.132,240.461,6.074
2007-02-22,2.343,0.096,238.624,9.871
2007-02-23,0.912,0.104,240.686,3.825
2007-02-24,0.496,0.085,239.863,2.086
2007-02-25,0.348,0.079,241.682,1.462
2007-02-26,0.395,0.075,241.274,1.659
2007-02-27,0.36,0.079,242.944,1.525
2007-02-28,0.362,0.079,242.16,1.528
2007-03-01,0.704,0.137,243.557,3.014
2007-03-02,2.798,0.171,238.91,11.816
2007-03-03,0.569,0.094,241.288,2.401
2007-03-04,1.141,0.117,240.505,4.846
2007-03-05,0.757,0.105,235.135,3.308
2007-03-06,1.464,0.127,234.762,6.353
2007-03-07,0.736,0.125,240.187,3.231
2007-03-08,0.738,0.087,234.486,3.207
2007-03-09,0.721,0.131,239.62,3.131
2007-03-10,0.889,0.11,239.261,3.8
2007-03-11,0.342,0.061,240.191,1.434
2007-03-12,1.224,0.092,241.08,5.166
2007-03-13,0.896,0.088,240.898,3.806
2007-03-14,1.245,0.109,240.777,5.267
2007-03-15,1.309,0.111,240.28,5.523
2007-03-16,1.182,0.09,239.527,4.992
2007-03-17,1.408,0.088,238.225,5.946
2007-03-18,1.647,0.168,241.048,7.008
2007-03-19,1.495,0.101,240.497,6.282
2007-03-20,1.449,0.114,240.816,6.151
2007-03-21,1.488,0.099,240.987,6.237
2007-03-22,1.01,0.079,241.764,4.223
2007-03-23,0.909,0.083,241.645,3.804
2007-03-24,2.061,0.133,239.704,8.703
2007-03-25,2.318,0.164,240.033,9.722
2007-03-26,0.983,0.112,241.337,4.183
2007-03-27,0.767,0.105,240.602,3.297
2007-03-28,1.621,0.136,240.445,6.855
2007-03-29,1.104,0.138,240.537,4.677
2007-03-30,0.974,0.126,241.039,4.19
2007-03-31,2.437,0.161,239.261,10.265
2007-04-01,2.263,0.14,239.75,9.478
2007-04-02,2.497,0.13,239.633,10.565
2007-04-03,1.452,0.122,240.03,6.158
2007-04-04,1.425,0.12,240.332,5.986
2007-04-05,0.693,0.121,235.71,3.078
2007-04-06,0.633,0.155,234.748,2.822
2007-04-07,0.697,0.176,240.66,3.095
2007-04-08,0.795,0.097,235.257,3.452
2007-04-09,1.101,0.125,239.66,4.756
2007-04-10,1.054,0.096,239.205,4.455
2007-04-11,1.032,0.096,240.206,4.384
2007-04-12,1.436,0.101,241.536,6.045
2007-04-13,0.383,0.105,240.05,1.643
2007-04-14,0.385,0.108,240.313,1.651
2007-04-15,0.504,0.119,240.237,2.187
2007-04-16,0.661,0.129,240.657,2.872
2007-04-17,0.85,0.152,240.196,3.691
2007-04-18,0.693,0.115,240.147,2.995
2007-04-19,0.714,0.104,240.43,3.056
2007-04-20,0.571,0.101,240.133,2.495
2007-04-21,1.162,0.148,239.213,5.036
2007-04-22,1.551,0.186,239.609,6.688
2007-04-23,0.732,0.094,237.236,3.264
2007-04-24,0.717,0.094,235.345,3.145
2007-04-25,0.878,0.114,234.941,3.858
2007-04-26,0.886,0.114,234.787,3.924
2007-04-27,0.76,0.112,235.216,3.312
2007-04-28,1.083,0.136,233.986,4.638
2007-04-30,0.731,0.125,234.87,3.239
2007-05-01,1.884,0.12,240.496,7.885
2007-05-02,1.143,0.102,240.81,4.82
2007-05-03,1.847,0.143,240.031,7.84
2007-05-04,1.281,0.17,241.173,5.492
2007-05-05,1.085,0.121,235.035,4.736
2007-05-06,1.013,0.178,234.693,4.465
2007-05-07,0.734,0.171,240.444,3.233
2007-05-08,0.547,0.105,235.115,2.437
2007-05-09,0.859,0.103,239.148,3.698
2007-05-10,0.968,0.105,238.827,4.09
2007-05-11,1.042,0.091,239.659,4.396
2007-05-12,1.495,0.124,241.228,6.348
2007-05-13,1.135,0.153,235.709,4.969
2007-05-14,1.019,0.207,235.69,4.574
2007-05-15,0.628,0.077,235.612,2.733
2007-05-16,1.176,0.094,235.261,5.072
2007-05-17,0.855,0.091,235.868,3.721
2007-05-18,1.133,0.119,235.995,4.877
2007-05-19,0.993,0.117,234.945,4.319
2007-05-20,1.367,0.13,235.348,5.942
2007-05-21,0.778,0.081,234.692,3.339
2007-05-22,0.787,0.09,235.481,3.4
2007-05-23,1.017,0.115,234.812,4.398
2007-05-24,0.802,0.094,235.546,3.462
2007-05-25,1.121,0.121,234.447,4.863
2007-05-26,1.05,0.121,235.07,4.563
2007-05-27,1.496,0.153,234.908,6.507
2007-05-28,1.137,0.105,234.907,4.922
2007-05-29,0.737,0.079,235.694,3.207
2007-05-30,1.118,0.102,234.831,4.828
2007-05-31,0.652,0.09,235.097,2.792
2007-06-01,1.047,0.133,239.673,4.544
2007-06-02,0.884,0.099,241.264,3.772
2007-06-03,0.866,0.129,240.988,3.696
2007-06-04,1.112,0.099,241.184,4.689
2007-06-05,1.46,0.127,234.41,6.409
2007-06-06,1.177,0.161,234.622,5.109
2007-06-07,0.743,0.152,240.599,3.269
2007-06-08,0.757,0.107,234.703,3.317
2007-06-09,0.626,0.119,239.34,2.752
2007-06-10,1.22,0.129,238.381,5.168
2007-06-11,1.446,0.139,238.702,6.15
2007-06-12,1.728,0.112,239.71,7.338
2007-06-13,0.644,0.145,240.398,2.818
2007-06-14,0.874,0.161,239.848,3.783
2007-06-15,0.687,0.175,240.464,3.066
2007-06-16,1.401,0.214,239.502,5.975
2007-06-17,1.352,0.167,240.219,5.769
2007-06-18,0.471,0.126,240.776,2.079
2007-06-19,0.586,0.131,240.269,2.561
2007-06-20,0.746,0.158,240.156,3.307
2007-06-21,0.56,0.155,240.575,2.501
2007-06-22,0.393,0.145,240.836,1.807
2007-06-23,0.332,0.134,240.319,1.536
2007-06-24,0.496,0.125,241.132,2.208
2007-06-25,0.745,0.137,240.422,3.25
2007-06-26,0.656,0.127,240.095,2.877
2007-06-27,1.028,0.144,239.758,4.429
2007-06-28,0.9,0.151,239.424,3.89
2007-06-29,0.906,0.143,240.182,3.942
2007-06-30,0.927,0.131,240.012,3.972
2007-07-01,1.7,0.171,240.902,7.283
2007-07-02,1.617,0.123,241.15,6.792
2007-07-03,1.649,0.119,240.324,6.935
2007-07-04,1.079,0.096,240.379,4.565
2007-07-05,1.141,0.117,234.537,4.981
2007-07-06,0.684,0.12,234.479,2.982
2007-07-07,0.943,0.149,239.91,4.035
2007-07-08,1.03,0.091,234.554,4.426
2007-07-09,0.928,0.126,239.032,4.007
2007-07-10,1.463,0.106,238.826,6.208
2007-07-11,1.281,0.134,239.565,5.481
2007-07-12,1.228,0.103,240.671,5.158
2007-07-13,0.552,0.144,240.855,2.451
2007-07-14,0.895,0.179,241.292,3.894
2007-07-15,0.7,0.178,240.597,3.092
2007-07-16,0.593,0.162,236.507,2.661
2007-07-17,0.5,0.122,234.741,2.276
2007-07-18,0.526,0.109,231.088,2.387
2007-07-19,0.471,0.13,234.262,2.144
2007-07-20,0.771,0.155,235.569,3.452
2007-07-21,0.736,0.164,234.257,3.292
2007-07-22,0.956,0.152,235.964,4.227
2007-07-23,0.688,0.1,234.501,3.076
2007-07-24,0.573,0.078,235.363,2.551
2007-07-25,0.328,0.075,235.641,1.479
2007-07-26,0.642,0.08,234.944,2.838
2007-07-27,0.835,0.084,235.554,3.623
2007-07-28,1.126,0.124,235.507,4.942
2007-07-29,0.223,0.082,235.712,1.033
2007-07-30,0.324,0.09,235.53,1.467
2007-07-31,0.564,0.101,234.915,2.502
2007-08-01,1.556,0.144,239.577,6.552
2007-08-02,1.251,0.096,241.797,5.248
2007-08-03,1.092,0.13,240.665,4.665
2007-08-04,1.117,0.094,240.349,4.72
2007-08-05,1.243,0.126,234.906,5.356
2007-08-06,1.492,0.16,236.197,6.448
2007-08-07,0.756,0.137,240.339,3.289
2007-08-08,0.782,0.083,234.512,3.381
2007-08-09,1.021,0.129,239.73,4.392
2007-08-10,0.761,0.085,239.097,3.231
2007-08-11,1.042,0.094,240.753,4.435
2007-08-12,1.537,0.107,239.56,6.508
2007-08-13,0.801,0.091,235.217,3.449
2007-08-14,0.654,0.092,237.076,2.854
2007-08-15,0.828,0.111,239.993,3.542
2007-08-16,0.666,0.091,239.738,2.844
2007-08-17,0.701,0.088,240.494,2.982
2007-08-18,0.242,0.083,241.28,1.079
2007-08-19,0.988,0.111,239.954,4.262
2007-08-20,0.93,0.108,241.301,3.963
2007-08-21,0.446,0.109,240.573,1.961
2007-08-22,0.84,0.107,240.817,3.571
2007-08-23,0.772,0.11,240.647,3.33
2007-08-24,1.151,0.183,240.495,4.939
2007-08-25,0.799,0.189,239.86,3.554
2007-08-26,0.913,0.208,239.951,4.013
2007-08-27,0.841,0.208,239.924,3.691
2007-08-28,0.692,0.126,239.55,2.996
2007-08-29,0.519,0.122,240.745,2.28
2007-08-30,0.835,0.133,240.573,3.604
2007-08-31,0.889,0.13,239.986,3.788
2007-09-01,1.298,0.144,240.488,5.521
2007-09-02,1.125,0.11,241.74,4.727
2007-09-03,0.884,0.083,240.888,3.731
2007-09-04,0.695,0.111,240.55,2.975
2007-09-05,1.157,0.127,234.874,5.056
2007-09-06,0.756,0.162,240.705,3.256
2007-09-07,0.82,0.12,240.618,3.516
2007-09-08,0.744,0.076,234.214,3.272
2007-09-09,1.166,0.145,238.922,5.054
2007-09-10,1.172,0.111,238.879,4.982
2007-09-11,1.508,0.079,238.715,6.367
2007-09-12,1.58,0.14,239.915,6.702
2007-09-13,0.796,0.115,239.31,3.464
2007-09-14,0.789,0.127,239.302,3.445
2007-09-15,0.761,0.128,240.002,3.278
2007-09-16,1.147,0.134,239.56,4.966
2007-09-17,1.015,0.14,239.215,4.413
2007-09-18,0.811,0.102,238.261,3.513
2007-09-19,0.902,0.105,240.305,3.883
2007-09-20,0.872,0.092,239.715,3.721
2007-09-21,0.86,0.106,239.381,3.733
2007-09-22,0.817,0.127,239.483,3.515
2007-09-23,0.985,0.169,239.5,4.28
2007-09-24,0.941,0.137,238.601,4.079
2007-09-25,1.225,0.09,238.1,5.206
2007-09-26,1.267,0.117,239.425,5.377
2007-09-27,0.967,0.105,239.567,4.078
2007-09-28,1.167,0.155,239.462,4.994
2007-09-29,1.595,0.126,239.14,6.793
2007-09-30,1.053,0.114,240.065,4.452
2007-10-01,1.496,0.159,241.027,6.358
2007-10-02,1.965,0.134,240.037,8.304
2007-10-03,1.725,0.169,239.803,7.342
2007-10-04,0.54,0.103,240.814,2.347
2007-10-05,0.492,0.117,235.796,2.207
2007-10-06,0.931,0.166,240.844,4.006
2007-10-07,0.631,0.122,239.983,2.786
2007-10-08,0.714,0.082,234.489,3.13
2007-10-09,0.776,0.123,239.389,3.364
2007-10-10,0.81,0.092,239.421,3.489
2007-10-11,1.814,0.165,239.11,7.707
2007-10-12,1.221,0.087,241.904,5.175
2007-10-13,1.338,0.087,238.765,5.701
2007-10-14,1.431,0.104,239.101,6.079
2007-10-15,0.879,0.082,239.293,3.722
2007-10-16,1.364,0.129,238.863,5.823
2007-10-17,1.095,0.095,239.192,4.637
2007-10-18,1.055,0.085,239.8,4.434
2007-10-19,1.448,0.084,239.652,6.103
2007-10-20,1.153,0.097,241.825,4.815
2007-10-21,1.349,0.107,241.491,5.702
2007-10-22,1.148,0.081,240.545,4.806
2007-10-23,1.359,0.089,241.232,5.712
2007-10-24,1.296,0.102,240.808,5.473
2007-10-25,1.287,0.092,240.473,5.414
2007-10-26,0.998,0.076,240.681,4.366
2007-10-27,1.24,0.076,240.201,5.309
2007-10-28,0.356,0.064,240.866,1.485
2007-10-29,0.379,0.06,241.193,1.574
2007-10-30,0.563,0.062,240.626,2.351
2007-10-31,0.891,0.074,240.339,3.742
2007-11-01,1.566,0.16,241.156,6.658
2007-11-02,2.48,0.142,239.506,10.527
2007-11-03,2.417,0.12,240.007,10.122
2007-11-04,0.616,0.134,241.155,2.619
2007-11-05,0.68,0.092,235.23,3.028
2007-11-06,0.552,0.135,240.857,2.418
2007-11-07,0.502,0.107,241.03,2.199
2007-11-08,0.758,0.08,234.98,3.286
2007-11-09,0.683,0.105,240.072,2.952
2007-11-10,1.203,0.106,238.444,5.109
2007-11-11,1.311,0.129,240.26,5.541
2007-11-12,1.601,0.093,241.46,6.712
2007-11-13,1.538,0.098,241.123,6.453
2007-11-14,1.422,0.098,239.946,5.941
2007-11-15,1.036,0.092,239.985,4.396
2007-11-16,1.604,0.086,240.984,6.718
2007-11-17,1.813,0.117,240.603,7.599
2007-11-18,1.517,0.112,242.26,6.348
2007-11-19,1.197,0.078,242.766,5.006
2007-11-20,1.455,0.087,241.339,6.09
2007-11-21,1.217,0.091,241.497,5.115
2007-11-22,1.342,0.099,241.565,5.656
2007-11-23,1.752,0.096,240.722,7.341
2007-11-24,1.319,0.105,241.803,5.513
2007-11-25,0.969,0.085,242.661,4.087
2007-11-26,1.09,0.081,241.116,4.601
2007-11-27,1.945,0.097,241.321,8.156
2007-11-28,1.142,0.08,242.895,4.776
2007-11-29,1.195,0.082,242.731,5.018
2007-11-30,1.619,0.102,243.488,6.757
2007-12-01,1.015,0.138,241.538,4.309
2007-12-02,1.304,0.095,240.098,5.503
2007-12-03,1.355,0.093,240.559,5.728
2007-12-04,0.373,0.103,240.256,1.598
2007-12-05,1.001,0.145,234.723,4.361
2007-12-06,0.638,0.15,240.225,2.859
2007-12-07,0.743,0.145,240.765,3.234
2007-12-08,0.862,0.089,235.665,3.743
2007-12-09,0.894,0.119,240.015,3.86
2007-12-10,1.33,0.096,238.481,5.667
2007-12-11,1.497,0.095,239.826,6.272
2007-12-12,1.103,0.081,242.476,4.591
2007-12-13,1.283,0.077,241.827,5.42
2007-12-14,1.371,0.125,241.986,5.758
2007-12-15,1.901,0.109,241.281,7.98
2007-12-16,1.918,0.088,242.685,7.992
2007-12-17,1.249,0.073,242.626,5.189
2007-12-18,1.822,0.1,242.94,7.602
2007-12-19,1.525,0.076,242.701,6.334
2007-12-20,1.354,0.083,243.168,5.613
2007-12-21,1.377,0.074,242.882,5.714
2007-12-22,1.813,0.098,242.146,7.593
2007-12-23,1.673,0.122,242.558,6.983
2007-12-24,1.568,0.104,242.65,6.55
2007-12-25,1.872,0.105,242.981,7.791
2007-12-26,1.792,0.097,242.392,7.426
2007-12-27,1.758,0.132,242.112,7.396
2007-12-28,2.162,0.144,242.284,9.031
2007-12-29,2.291,0.139,240.551,9.56
2007-12-30,1.777,0.124,242.099,7.466
2007-12-31,1.539,0.101,241.095,6.455
2008-01-01,1.916,0.099,241.037,7.979
2008-01-02,1.066,0.124,240.36,4.518
2008-01-03,0.793,0.073,239.432,3.278
2008-01-04,1.479,0.118,241.616,6.202
2008-01-05,0.4,0.105,241.446,1.702
2008-01-06,1.284,0.156,240.623,5.423
2008-01-07,0.844,0.193,239.54,3.74
2008-01-08,0.514,0.175,239.805,2.328
2008-01-09,0.866,0.128,239.916,3.733
2008-01-10,1.3,0.126,241.129,5.482
2008-01-11,0.577,0.079,241.81,2.626
2008-01-12,1.123,0.082,243.446,4.758
2008-01-13,2.003,0.1,239.751,8.449
2008-01-14,1.406,0.083,240.299,6.015
2008-01-15,1.866,0.079,240.709,7.891
2008-01-16,1.483,0.09,240.422,6.32
2008-01-17,1.092,0.081,241.628,4.645
2008-01-18,1.519,0.083,239.933,6.432
2008-01-19,1.375,0.094,239.606,5.829
2008-01-20,1.209,0.096,239.945,5.149
2008-01-21,1.291,0.085,239.565,5.519
2008-01-22,1.615,0.1,240.095,6.929
2008-01-23,1.307,0.075,240.907,5.52
2008-01-24,1.142,0.072,240.779,4.888
2008-01-25,1.555,0.083,240.705,6.544
2008-01-26,1.969,0.117,239.76,8.367
2008-01-27,1.654,0.098,241.304,6.985
2008-01-28,1.603,0.075,240.467,6.77
2008-01-29,1.858,0.081,240.623,7.842
2008-01-30,1.139,0.081,241.615,4.826
2008-01-31,1.357,0.096,241.886,5.793
2008-02-01,1.142,0.078,242.417,4.77
2008-02-02,2.04,0.161,240.291,8.649
2008-02-03,0.807,0.1,239.746,3.425
2008-02-04,1.175,0.099,238.667,5.008
2008-02-05,1.04,0.143,241.649,4.378
2008-02-06,0.746,0.115,236.37,3.218
2008-02-07,0.797,0.185,238.962,3.57
2008-02-08,0.351,0.124,239.129,1.588
2008-02-09,0.961,0.156,239.329,4.142
2008-02-10,0.934,0.107,240.328,3.949
2008-02-11,0.632,0.084,242.156,2.864
2008-02-12,1.245,0.101,243.379,5.215
2008-02-13,1.32,0.089,241.203,5.58
2008-02-14,1.114,0.079,240.765,4.684
2008-02-15,1.393,0.075,241.891,5.781
2008-02-16,1.63,0.097,241.088,6.894
2008-02-17,1.343,0.083,242.47,5.654
2008-02-18,1.052,0.071,242.064,4.376
2008-02-19,1.477,0.096,241.01,6.22
2008-02-20,1.565,0.132,241.67,6.608
2008-02-21,1.135,0.078,240.75,4.788
2008-02-22,1.203,0.085,241.436,5.055
2008-02-23,1.275,0.092,239.673,5.412
2008-02-24,0.877,0.075,240.378,3.639
2008-02-25,0.35,0.064,239.776,1.456
2008-02-26,0.352,0.059,239.533,1.459
2008-02-27,0.394,0.06,239.554,1.634
2008-02-28,0.354,0.058,239.804,1.467
2008-02-29,0.926,0.062,238.038,3.873
2008-03-01,1.049,0.084,243.077,4.402
2008-03-02,1.448,0.107,240.341,6.136
2008-03-03,0.723,0.079,240.352,2.978
2008-03-04,0.784,0.084,240.694,3.281
2008-03-05,0.896,0.14,240.834,3.801
2008-03-06,1.11,0.121,234.152,4.844
2008-03-07,0.763,0.148,239.635,3.343
2008-03-08,0.351,0.115,237.054,1.577
2008-03-09,0.964,0.125,240.029,4.119
2008-03-10,1.12,0.11,239.842,4.746
2008-03-11,0.589,0.08,241.765,2.665
2008-03-12,1.219,0.087,243.384,5.07
2008-03-13,1.164,0.089,240.803,4.942
2008-03-14,1.535,0.111,240.627,6.446
2008-03-15,1.095,0.107,240.198,4.651
2008-03-16,1.251,0.121,241.295,5.298
2008-03-17,1.185,0.122,240.805,5.007
2008-03-18,1.332,0.102,241.929,5.572
2008-03-19,0.909,0.099,242.402,3.826
2008-03-20,0.87,0.084,241.763,3.66
2008-03-21,1.435,0.155,241.37,6.038
2008-03-22,1.426,0.129,241.612,6.02
2008-03-23,1.615,0.106,242.653,6.791
2008-03-24,1.372,0.091,242.707,5.758
2008-03-25,1.4,0.089,242.138,5.871
2008-03-26,1.134,0.093,242.81,4.763
2008-03-27,0.952,0.081,242.096,3.961
2008-03-28,1.309,0.096,242.323,5.479
2008-03-29,1.716,0.122,241.254,7.209
2008-03-30,1.491,0.122,241.164,6.277
2008-03-31,0.957,0.091,242.727,4.006
2008-04-01,1.592,0.095,241.273,6.715
2008-04-02,1.131,0.072,240.255,4.777
2008-04-03,1.159,0.076,241.026,4.868
2008-04-04,1.133,0.087,241.331,4.726
2008-04-05,1.022,0.145,241.38,4.362
2008-04-06,1.103,0.106,234.706,4.828
2008-04-07,0.654,0.131,240.18,2.828
2008-04-08,0.782,0.135,237.863,3.417
2008-04-09,0.851,0.105,238.663,3.655
2008-04-10,1.459,0.15,240.174,6.145
2008-04-11,1.085,0.084,240.802,4.652
2008-04-12,1.207,0.079,243.463,5.024
2008-04-13,1.551,0.148,240.423,6.552
2008-04-14,1.104,0.108,242.314,4.604
2008-04-15,1.16,0.124,241.239,4.91
2008-04-16,1.034,0.087,241.744,4.316
2008-04-17,0.969,0.101,241.404,4.104
2008-04-18,1.293,0.128,240.642,5.458
2008-04-19,1.565,0.17,241.143,6.636
2008-04-20,1.244,0.158,241.433,5.261
2008-04-21,0.808,0.122,241.992,3.404
2008-04-22,1.13,0.134,240.96,4.773
2008-04-23,0.943,0.132,241.511,3.968
2008-04-24,0.725,0.119,240.605,3.058
2008-04-25,0.88,0.113,241.007,3.7
2008-04-26,0.627,0.117,240.793,2.634
2008-04-27,0.7,0.138,240.907,2.964
2008-04-28,0.458,0.116,240.978,1.951
2008-04-29,1.37,0.15,240.707,5.771
2008-04-30,0.765,0.119,241.434,3.219
2008-05-01,1.516,0.09,238.823,6.447
2008-05-02,1.717,0.106,240.977,7.211
2008-05-03,1.415,0.098,241.065,5.971
2008-05-04,1.369,0.141,240.558,5.785
2008-05-05,0.949,0.129,240.737,3.998
2008-05-06,0.778,0.106,235.164,3.398
2008-05-07,1.02,0.156,239.565,4.387
2008-05-08,0.574,0.125,238.736,2.506
2008-05-09,0.607,0.102,239.591,2.606
2008-05-10,1.076,0.102,240.138,4.534
2008-05-11,2.177,0.179,239.481,9.239
2008-05-12,1.43,0.083,242.976,5.968
2008-05-13,1.026,0.164,240.374,4.392
2008-05-14,1.1,0.193,240.709,4.713
2008-05-15,0.807,0.165,240.35,3.522
2008-05-16,1.146,0.164,239.62,4.922
2008-05-17,1.151,0.192,239.473,4.952
2008-05-18,1.253,0.177,239.683,5.409
2008-05-19,0.715,0.122,240.432,3.069
2008-05-20,1.098,0.128,241.02,4.682
2008-05-21,0.92,0.132,240.761,3.917
2008-05-22,0.678,0.118,239.5,2.956
2008-05-23,1.031,0.124,239.499,4.359
2008-05-24,1.097,0.198,240.725,4.669
2008-05-25,1.423,0.202,239.946,6.137
2008-05-26,0.896,0.153,240.364,3.93
2008-05-27,1.187,0.144,239.391,5.107
2008-05-28,0.774,0.164,241.323,3.351
2008-05-29,0.788,0.13,237.675,3.476
2008-05-30,0.97,0.127,240.554,4.203
2008-05-31,1.14,0.174,240.654,4.923
2008-06-01,1.267,0.081,239.407,5.39
2008-06-02,1.159,0.079,238.414,4.934
2008-06-03,1.738,0.074,240.429,7.215
2008-06-04,1.178,0.105,241.15,4.946
2008-06-05,1.243,0.139,240.29,5.246
2008-06-06,0.846,0.121,239.717,3.672
2008-06-07,1.254,0.176,240.59,5.359
2008-06-08,0.226,0.149,240.566,1.09
2008-06-09,1.298,0.165,239.34,5.524
2008-06-10,0.989,0.087,239.119,4.216
2008-06-11,1.103,0.126,240.39,4.727
2008-06-12,1.753,0.131,241.137,7.358
2008-06-13,1.302,0.196,238.888,5.606
2008-06-14,0.962,0.239,240.014,4.208
2008-06-15,1.59,0.195,239.454,6.774
2008-06-16,0.905,0.142,240.433,3.905
2008-06-17,0.795,0.122,240.354,3.435
2008-06-18,1.315,0.189,239.74,5.711
2008-06-19,1.103,0.132,239.273,4.738
2008-06-20,1.164,0.158,239.939,5.008
2008-06-21,1.204,0.166,239.463,5.134
2008-06-22,1.088,0.204,239.044,4.674
2008-06-23,0.869,0.146,238.938,3.792
2008-06-24,1.218,0.176,237.915,5.262
2008-06-25,0.876,0.202,238.895,3.911
2008-06-26,0.733,0.151,239.351,3.211
2008-06-27,1.219,0.182,238.935,5.237
2008-06-28,0.839,0.146,239.142,3.686
2008-06-29,0.52,0.128,240.161,2.331
2008-06-30,0.558,0.132,240.376,2.479
2008-07-01,1.178,0.081,240.744,4.915
2008-07-02,1.054,0.075,241.071,4.439
2008-07-03,1.294,0.09,240.816,5.442
2008-07-04,1.069,0.098,243.228,4.484
2008-07-05,0.817,0.133,241.081,3.458
2008-07-06,1.307,0.129,238.984,5.532
2008-07-07,0.683,0.141,239.634,2.969
2008-07-08,0.233,0.149,239.312,1.121
2008-07-09,0.953,0.123,240.589,4.081
2008-07-10,1.199,0.13,238.853,5.166
2008-07-11,1.124,0.076,239.752,4.755
2008-07-12,1.713,0.125,242.239,7.157
2008-07-13,0.872,0.116,240.291,3.769
2008-07-14,0.79,0.146,240.494,3.432
2008-07-15,0.803,0.133,239.781,3.436
2008-07-16,0.748,0.143,240.593,3.237
2008-07-17,0.916,0.166,239.917,4.027
2008-07-18,0.876,0.136,239.577,3.737
2008-07-19,0.933,0.144,239.151,4.02
2008-07-20,0.654,0.12,239.778,2.836
2008-07-21,0.803,0.12,239.102,3.482
2008-07-22,0.514,0.112,239.67,2.273
2008-07-23,0.655,0.113,240.096,2.849
2008-07-24,0.759,0.129,239.884,3.222
2008-07-25,0.601,0.127,239.057,2.618
2008-07-26,0.566,0.148,240.029,2.494
2008-07-27,0.797,0.162,238.471,3.513
2008-07-28,0.573,0.138,239.994,2.574
2008-07-29,0.81,0.145,240.249,3.641
2008-07-30,0.903,0.158,239.086,4.065
2008-07-31,0.967,0.169,240.096,4.232
2008-08-01,1.419,0.089,240.822,5.99
2008-08-02,1.355,0.083,240.433,5.747
2008-08-03,1.562,0.165,241.591,6.588
2008-08-04,1.845,0.128,242.067,7.699
2008-08-05,1.47,0.176,239.851,6.178
2008-08-06,1.071,0.131,239.965,4.596
2008-08-07,0.782,0.136,239.701,3.371
2008-08-08,0.21,0.136,239.457,1.006
2008-08-09,0.909,0.112,241.382,3.853
2008-08-10,1.292,0.106,240.049,5.431
2008-08-11,1.204,0.092,239.308,5.105
2008-08-12,1.298,0.084,243.732,5.383
2008-08-13,0.196,0.128,240.872,0.932
2008-08-14,0.188,0.124,241.141,0.885
2008-08-15,0.19,0.124,241.158,0.896
2008-08-16,0.191,0.126,242.095,0.899
2008-08-17,0.191,0.125,241.183,0.898
2008-08-18,0.19,0.124,241.356,0.894
2008-08-19,0.191,0.125,240.895,0.903
2008-08-20,0.186,0.124,241.544,0.883
2008-08-21,0.181,0.117,240.296,0.85
2008-08-22,0.186,0.121,240.882,0.872
2008-08-23,0.177,0.118,242.143,0.831
2008-08-24,0.177,0.114,241.613,0.826
2008-08-25,0.174,0.114,241.474,0.808
2008-08-26,0.179,0.116,241.12,0.837
2008-08-27,0.179,0.115,240.576,0.833
2008-08-28,0.186,0.121,240.543,0.875
2008-08-29,0.186,0.119,240.335,0.875
2008-08-30,0.188,0.123,240.514,0.886
2008-08-31,1.043,0.146,240.018,4.45
2008-09-01,1.242,0.087,241.259,5.232
2008-09-02,1.46,0.1,241.765,6.09
2008-09-03,1.084,0.094,240.746,4.591
2008-09-04,0.846,0.092,242.318,3.523
2008-09-05,1.213,0.16,240.471,5.136
2008-09-06,0.921,0.128,239.435,4.04
2008-09-07,0.638,0.133,240.33,2.775
2008-09-08,0.249,0.139,240.71,1.16
2008-09-09,0.805,0.125,239.782,3.464
2008-09-10,1.378,0.126,239.275,5.812
2008-09-11,1.791,0.146,238.454,7.621
2008-09-12,1.391,0.092,243.556,5.758
2008-09-13,1.133,0.129,240.125,4.82
2008-09-14,1.095,0.135,239.889,4.735
2008-09-15,1.179,0.095,240.256,5.072
2008-09-16,0.849,0.108,240.949,3.619
2008-09-17,1.055,0.123,240.657,4.49
2008-09-18,1.045,0.132,240.327,4.447
2008-09-19,1.055,0.116,240.357,4.479
2008-09-20,0.906,0.108,240.594,3.806
2008-09-21,1.065,0.143,240.94,4.56
2008-09-22,0.943,0.105,240.209,4.013
2008-09-23,0.856,0.115,240.183,3.684
2008-09-24,1.193,0.12,240.126,5.032
2008-09-25,0.786,0.121,240.29,3.344
2008-09-26,0.994,0.147,240.394,4.24
2008-09-27,1.477,0.178,240.146,6.259
2008-09-28,1.202,0.114,240.278,5.08
2008-09-29,1.043,0.138,240.264,4.409
2008-09-30,0.955,0.108,240.584,4.025
2008-10-01,1.315,0.084,240.807,5.595
2008-10-02,1.517,0.105,241.275,6.397
2008-10-03,1.124,0.088,241.727,4.712
2008-10-04,1.026,0.114,241.949,4.305
2008-10-05,1.326,0.201,240.086,5.636
2008-10-06,0.741,0.15,239.978,3.205
2008-10-07,0.869,0.167,239.868,3.743
2008-10-08,0.244,0.131,240.265,1.122
2008-10-09,0.903,0.116,239.481,3.857
2008-10-10,1.054,0.103,239.635,4.437
2008-10-11,1.459,0.108,239.652,6.178
2008-10-12,1.541,0.1,243.501,6.369
2008-10-13,1.015,0.103,240.809,4.254
2008-10-14,1.117,0.114,239.216,4.73
2008-10-15,1.498,0.117,239.507,6.328
2008-10-16,1.1,0.095,239.263,4.661
2008-10-17,1.296,0.107,240.048,5.476
2008-10-18,1.555,0.113,239.835,6.547
2008-10-19,1.369,0.126,240.043,5.805
2008-10-20,1.158,0.096,240.432,4.86
2008-10-21,1.433,0.106,239.731,6.081
2008-10-22,1.143,0.104,240.816,4.837
2008-10-23,1.271,0.112,240.399,5.375
2008-10-24,1.481,0.117,240.414,6.267
2008-10-25,1.09,0.08,240.96,4.555
2008-10-26,0.364,0.08,242.123,1.499
2008-10-27,0.364,0.09,242.228,1.509
2008-10-28,0.922,0.101,241.327,3.853
2008-10-29,1.12,0.093,241.79,4.604
2008-10-30,0.763,0.085,242.083,3.273
2008-10-31,0.893,0.072,241.33,3.766
2008-11-01,1.185,0.066,240.41,4.963
2008-11-02,1.175,0.071,241.692,4.932
2008-11-03,1.528,0.105,240.424,6.467
2008-11-04,1.304,0.1,240.758,5.453
2008-11-05,1.119,0.191,240.486,4.804
2008-11-06,0.78,0.149,240.154,3.388
2008-11-07,0.871,0.174,239.517,3.782
2008-11-08,0.258,0.13,240.718,1.171
2008-11-09,0.714,0.133,239.1,3.08
2008-11-10,1.159,0.108,239.183,4.906
2008-11-11,1.706,0.089,239.879,7.183
2008-11-12,0.995,0.08,243.418,4.122
2008-11-13,0.86,0.087,241.598,3.627
2008-11-14,1.126,0.089,241.022,4.756
2008-11-15,2.105,0.115,238.634,8.963
2008-11-16,1.643,0.113,240.494,6.919
2008-11-17,1.058,0.083,241.135,4.412
2008-11-18,1.215,0.097,239.902,5.142
2008-11-19,1.278,0.116,240.54,5.413
2008-11-20,1.175,0.084,239.818,4.984
2008-11-21,1.162,0.089,239.928,4.947
2008-11-22,1.188,0.087,239.732,5.05
2008-11-23,2.366,0.144,239.149,10.051
2008-11-24,2.231,0.084,240.359,9.285
2008-11-25,1.877,0.105,240.931,7.824
2008-11-26,1.053,0.083,242.401,4.356
2008-11-27,1.64,0.088,241.44,6.841
2008-11-28,1.31,0.089,243.067,5.41
2008-11-29,1.691,0.116,241.241,7.054
2008-11-30,1.668,0.119,242.375,6.956
2008-12-01,1.994,0.113,239.96,8.524
2008-12-02,1.38,0.091,239.509,5.847
2008-12-03,1.232,0.096,241.057,5.172
2008-12-04,1.944,0.272,241.063,8.218
2008-12-05,1.058,0.159,241.042,4.519
2008-12-06,0.875,0.131,239.69,3.799
2008-12-07,0.923,0.185,240.059,4.05
2008-12-08,0.201,0.13,240.048,0.953
2008-12-09,0.967,0.124,239.968,4.145
2008-12-10,1.325,0.112,240.152,5.615
2008-12-11,1.521,0.11,240.387,6.349
2008-12-12,1.261,0.097,243.043,5.222
2008-12-13,1.268,0.113,241.539,5.322
2008-12-14,1.39,0.114,241.623,5.882
2008-12-15,1.247,0.079,243.039,5.191
2008-12-16,1.248,0.08,243.88,5.193
2008-12-17,1.457,0.095,243.314,6.08
2008-12-18,1.206,0.082,242.859,4.989
2008-12-19,1.307,0.092,241.866,5.48
2008-12-20,1.558,0.112,242.566,6.5
2008-12-21,1.836,0.094,241.72,7.663
2008-12-22,1.4,0.087,241.864,5.857
2008-12-23,1.249,0.105,241.771,5.251
2008-12-24,0.882,0.08,243.961,3.634
2008-12-25,0.737,0.081,243.233,3.039
2008-12-26,0.85,0.086,244.354,3.501
2008-12-27,2.064,0.082,243.312,8.432
2008-12-28,1.091,0.078,244.56,4.42
2008-12-29,0.386,0.064,244.955,1.579
2008-12-30,0.83,0.079,244.638,3.402
2008-12-31,1.364,0.09,243.297,5.688
2009-01-01,0.977,0.078,242.836,4.15
2009-01-02,1.289,0.107,244.765,5.396
2009-01-03,1.715,0.131,242.139,7.222
2009-01-04,1.14,0.099,242.906,4.808
2009-01-05,1.051,0.132,241.273,4.424
2009-01-06,1.002,0.16,241.334,4.311
2009-01-07,0.846,0.185,241.809,3.647
2009-01-08,0.491,0.169,241.503,2.207
2009-01-09,0.681,0.151,241.221,2.994
2009-01-10,0.894,0.129,241.53,3.787
2009-01-11,1.28,0.154,240.924,5.388
2009-01-12,1.22,0.099,242.633,5.078
2009-01-13,1.516,0.093,244.458,6.254
2009-01-14,1.234,0.084,244.609,5.1
2009-01-15,1.086,0.08,243.021,4.521
2009-01-16,1.921,0.125,242.569,8.041
2009-01-17,2.304,0.114,241.632,9.579
2009-01-18,2.19,0.146,242.644,9.168
2009-01-19,1.18,0.083,243.126,4.924
2009-01-20,1.207,0.093,243.4,4.98
2009-01-21,1.208,0.089,244.105,4.993
2009-01-22,0.859,0.08,244.006,3.59
2009-01-23,1.327,0.088,242.769,5.531
2009-01-24,1.528,0.118,243.251,6.391
2009-01-25,1.975,0.103,242.544,8.151
2009-01-26,1.163,0.079,243.2,4.834
2009-01-27,0.99,0.094,243.938,4.168
2009-01-28,1.89,0.081,243.032,7.831
2009-01-29,1.093,0.072,243.363,4.533
2009-01-30,1.43,0.083,244.29,5.918
2009-01-31,2.301,0.166,242.471,9.633
2009-02-01,1.616,0.142,242.705,6.738
2009-02-02,1.113,0.074,244.875,4.581
2009-02-03,1.026,0.094,242.242,4.401
2009-02-04,1.142,0.087,242.24,4.761
2009-02-05,0.968,0.125,241.883,4.077
2009-02-06,0.757,0.155,241.63,3.368
2009-02-07,0.863,0.192,241.967,3.715
2009-02-08,0.34,0.143,240.942,1.568
2009-02-09,0.849,0.144,241.818,3.638
2009-02-10,0.8,0.127,240.759,3.386
2009-02-11,1.045,0.118,241.285,4.401
2009-02-12,1.629,0.118,241.669,6.82
2009-02-13,1.174,0.076,241.693,4.892
2009-02-14,1.622,0.083,241.954,6.729
2009-02-15,1.101,0.079,242.844,4.501
2009-02-16,0.916,0.078,242.143,3.828
2009-02-17,0.552,0.08,242.262,2.299
2009-02-18,0.574,0.079,242.231,2.356
2009-02-19,0.512,0.069,241.55,2.112
2009-02-20,1.306,0.102,240.191,5.535
2009-02-21,0.914,0.108,240.954,3.807
2009-02-22,1.554,0.122,241.316,6.535
2009-02-23,1.898,0.09,241.241,7.873
2009-02-24,1.238,0.086,240.888,5.168
2009-02-25,0.812,0.079,241.202,3.413
2009-02-26,0.803,0.078,240.732,3.363
2009-02-27,1.409,0.14,240.966,5.903
2009-02-28,1.132,0.148,242.397,4.834
2009-03-01,1.329,0.121,243.681,5.531
2009-03-02,1.297,0.085,244.303,5.344
2009-03-03,1.284,0.089,242.897,5.347
2009-03-04,0.947,0.092,241.812,3.983
2009-03-05,1.117,0.125,242.066,4.762
2009-03-06,0.942,0.14,240.406,4.077
2009-03-07,0.6,0.171,241.923,2.635
2009-03-08,0.347,0.137,241.92,1.566
2009-03-09,0.869,0.148,241.33,3.762
2009-03-10,1.192,0.177,240.636,5.05
2009-03-11,1.574,0.168,241.142,6.632
2009-03-12,1.028,0.101,243.284,4.293
2009-03-13,1.004,0.096,242.757,4.171
2009-03-14,1.492,0.108,242.179,6.186
2009-03-15,1.349,0.123,241.771,5.696
2009-03-16,0.928,0.083,242.412,3.848
2009-03-17,1.342,0.163,241.956,5.649
2009-03-18,1.007,0.085,242.841,4.181
2009-03-19,0.827,0.081,242.776,3.425
2009-03-20,1.017,0.09,242.916,4.218
2009-03-21,1.34,0.137,242.583,5.672
2009-03-22,1.173,0.09,241.528,4.951
2009-03-23,0.9,0.083,242.054,3.789
2009-03-24,1.154,0.102,242.484,4.894
2009-03-25,1.277,0.135,243.113,5.353
2009-03-26,0.841,0.083,242.936,3.502
2009-03-27,1.19,0.126,242.629,5.015
2009-03-28,1.57,0.192,242.136,6.603
2009-03-29,1.539,0.095,242.549,6.418
2009-03-30,1.026,0.091,242.729,4.305
2009-03-31,1.266,0.096,242.168,5.309
2009-04-01,1.347,0.116,244.822,5.633
2009-04-02,1.709,0.105,244.687,7.041
2009-04-03,1.279,0.09,242.384,5.397
2009-04-04,1.522,0.139,241.451,6.397
2009-04-05,1.158,0.101,241.435,4.841
2009-04-06,0.719,0.114,240.01,3.083
2009-04-07,0.86,0.26,241.147,3.844
2009-04-08,0.353,0.136,242.276,1.609
2009-04-09,0.711,0.126,242.013,3.056
2009-04-10,1.126,0.156,240.699,4.815
2009-04-11,1.251,0.12,242.078,5.231
2009-04-12,1.188,0.127,243.386,4.985
2009-04-13,1.112,0.139,241.131,4.738
2009-04-14,1.043,0.131,241.492,4.435
2009-04-15,0.844,0.133,241.321,3.611
2009-04-16,1.086,0.124,240.476,4.624
2009-04-17,1.419,0.119,241.328,5.967
2009-04-18,1.05,0.102,241.046,4.428
2009-04-19,0.893,0.107,242.659,3.748
2009-04-20,1.032,0.118,241.905,4.333
2009-04-21,1.316,0.127,240.648,5.535
2009-04-22,1.039,0.142,241.275,4.373
2009-04-23,0.793,0.122,241.495,3.402
2009-04-24,0.829,0.126,241.79,3.53
2009-04-25,1.404,0.164,240.508,5.936
2009-04-26,1.237,0.159,241.865,5.242
2009-04-27,0.939,0.111,241.001,4.004
2009-04-28,1.185,0.111,241.99,5.059
2009-04-29,1.156,0.098,242.187,4.858
2009-04-30,1.274,0.096,241.904,5.324
2009-05-01,1.114,0.09,244.831,4.636
2009-05-02,1.145,0.085,243.855,4.762
2009-05-03,1.001,0.078,241.68,4.253
2009-05-04,0.955,0.127,242.314,4.112
2009-05-05,1.202,0.099,240.818,5.057
2009-05-06,0.854,0.109,239.863,3.65
2009-05-07,0.98,0.266,241.445,4.31
2009-05-08,0.36,0.144,242.308,1.644
2009-05-09,1.051,0.188,240.86,4.531
2009-05-10,0.886,0.112,241.221,3.699
2009-05-11,1.084,0.11,241.665,4.539
2009-05-12,1.633,0.19,241.299,6.922
2009-05-13,0.866,0.119,240.636,3.707
2009-05-14,1.116,0.105,240.06,4.806
2009-05-15,0.988,0.098,240.957,4.183
2009-05-16,1.394,0.13,239.989,5.885
2009-05-17,1.072,0.157,240.301,4.605
2009-05-18,0.84,0.107,240.959,3.518
2009-05-19,1.123,0.131,240.993,4.702
2009-05-20,0.908,0.127,241.32,3.839
2009-05-21,1.094,0.147,241.019,4.608
2009-05-22,0.746,0.165,241.967,3.201
2009-05-23,1.063,0.134,240.568,4.494
2009-05-24,0.894,0.123,242.018,3.771
2009-05-25,0.94,0.127,238.431,4.002
2009-05-26,0.931,0.088,231.781,4.045
2009-05-27,1.072,0.087,231.143,4.673
2009-05-28,0.819,0.089,233.702,3.513
2009-05-29,0.863,0.102,241.559,3.633
2009-05-30,1.152,0.162,241.163,4.903
2009-05-31,0.665,0.139,241.456,2.887
2009-06-01,1.174,0.08,245.093,4.834
2009-06-02,1.422,0.088,243.289,5.922
2009-06-03,1.239,0.09,240.793,5.264
2009-06-04,1.009,0.091,242.301,4.226
2009-06-05,0.937,0.102,240.897,3.97
2009-06-06,1.025,0.162,240.582,4.414
2009-06-07,0.663,0.188,241.763,2.902
2009-06-08,0.37,0.149,241.229,1.677
2009-06-09,0.853,0.153,241.86,3.665
2009-06-10,0.992,0.124,241.18,4.171
2009-06-11,0.966,0.118,242.568,4.031
2009-06-12,1.652,0.203,241.269,6.983
2009-06-13,0.474,0.131,243.853,2.007
2009-06-15,0.784,0.156,240.681,3.383
2009-06-16,1.048,0.147,240.831,4.485
2009-06-17,0.686,0.134,241.296,2.959
2009-06-18,0.81,0.115,241.296,3.407
2009-06-19,0.755,0.114,241.318,3.208
2009-06-20,0.769,0.124,241.485,3.249
2009-06-21,0.594,0.112,241.287,2.532
2009-06-22,0.76,0.113,241.202,3.218
2009-06-23,0.722,0.114,241.213,3.075
2009-06-24,1.066,0.135,240.537,4.516
2009-06-25,0.536,0.128,241.178,2.314
2009-06-26,0.887,0.166,240.541,3.841
2009-06-27,1.187,0.189,241.814,5.028
2009-06-28,0.736,0.193,241.838,3.209
2009-06-29,0.701,0.164,241.894,3.026
2009-06-30,0.828,0.197,241.944,3.642
2009-07-01,1.445,0.098,246.041,5.947
2009-07-02,2.175,0.128,242.051,9.081
2009-07-03,1.178,0.104,242.472,4.936
2009-07-04,1.0,0.106,241.989,4.231
2009-07-05,0.703,0.094,241.174,2.973
2009-07-06,0.838,0.152,241.019,3.629
2009-07-07,0.771,0.178,241.641,3.404
2009-07-08,0.375,0.154,241.358,1.696
2009-07-09,0.848,0.14,241.712,3.64
2009-07-10,1.265,0.144,241.212,5.339
2009-07-11,1.081,0.137,241.879,4.51
2009-07-12,1.21,0.115,242.544,5.066
2009-07-13,0.345,0.136,242.548,1.562
2009-07-14,0.633,0.185,242.205,2.815
2009-07-15,0.499,0.132,241.927,2.167
2009-07-16,0.416,0.18,242.117,1.876
2009-07-17,0.508,0.124,241.595,2.195
2009-07-18,0.671,0.152,242.006,2.885
2009-07-19,0.836,0.18,242.047,3.526
2009-07-20,0.46,0.151,241.842,2.048
2009-07-21,0.565,0.185,242.523,2.501
2009-07-22,0.514,0.166,242.079,2.262
2009-07-23,0.715,0.152,241.943,3.053
2009-07-24,0.39,0.145,241.751,1.757
2009-07-25,0.373,0.136,242.097,1.682
2009-07-26,0.377,0.167,242.657,1.717
2009-07-27,0.478,0.224,242.528,2.182
2009-07-28,0.627,0.176,242.221,2.768
2009-07-29,0.626,0.129,241.5,2.711
2009-07-30,0.55,0.138,242.439,2.411
2009-07-31,0.678,0.159,241.871,3.002
2009-08-01,1.134,0.086,245.351,4.721
2009-08-02,1.516,0.093,243.355,6.33
2009-08-03,1.637,0.135,242.16,6.882
2009-08-04,1.066,0.112,242.26,4.528
2009-08-05,1.29,0.108,240.825,5.418
2009-08-06,0.819,0.09,240.065,3.542
2009-08-07,0.857,0.154,241.604,3.691
2009-08-08,0.366,0.149,241.727,1.66
2009-08-09,0.754,0.139,241.352,3.224
2009-08-10,1.095,0.13,241.07,4.584
2009-08-11,1.742,0.157,243.25,7.243
2009-08-12,1.394,0.124,243.731,5.79
2009-08-13,1.105,0.207,240.946,4.782
2009-08-14,0.52,0.168,241.18,2.283
2009-08-15,1.051,0.267,240.896,4.606
2009-08-16,0.846,0.284,240.521,3.794
2009-08-17,0.546,0.175,241.22,2.417
2009-08-18,0.75,0.171,240.826,3.258
2009-08-19,0.612,0.183,241.542,2.726
2009-08-20,0.539,0.181,241.086,2.423
2009-08-21,0.807,0.182,240.612,3.503
2009-08-22,1.076,0.29,241.123,4.761
2009-08-23,0.741,0.258,241.555,3.33
2009-08-24,0.87,0.198,241.066,3.772
2009-08-25,0.655,0.192,241.51,2.889
2009-08-26,0.789,0.187,241.777,3.433
2009-08-27,0.52,0.174,241.638,2.318
2009-08-28,0.777,0.171,240.874,3.372
2009-08-29,0.964,0.219,240.975,4.183
2009-08-30,1.159,0.204,241.081,4.98
2009-08-31,0.879,0.152,238.743,3.822
2009-09-01,1.242,0.08,244.622,5.182
2009-09-02,1.185,0.093,243.322,4.966
2009-09-03,1.171,0.094,242.482,4.904
2009-09-04,1.313,0.123,242.297,5.465
2009-09-05,0.876,0.127,241.574,3.764
2009-09-06,0.926,0.107,240.924,3.958
2009-09-07,0.588,0.135,242.591,2.612
2009-09-08,0.693,0.197,242.049,3.057
2009-09-09,1.056,0.155,241.309,4.491
2009-09-10,0.939,0.131,240.81,3.954
2009-09-11,0.976,0.124,243.577,4.094
2009-09-12,1.252,0.13,242.407,5.25
2009-09-13,1.091,0.188,240.25,4.688
2009-09-14,1.094,0.166,241.477,4.657
2009-09-15,1.012,0.128,240.992,4.285
2009-09-16,1.211,0.137,240.231,5.15
2009-09-17,0.85,0.116,241.361,3.611
2009-09-18,0.954,0.118,241.099,4.039
2009-09-19,1.483,0.183,240.354,6.259
2009-09-20,1.413,0.205,241.295,6.024
2009-09-21,0.985,0.149,241.253,4.201
2009-09-22,0.866,0.144,241.182,3.699
2009-09-23,1.137,0.164,240.747,4.825
2009-09-24,0.99,0.156,240.387,4.235
2009-09-25,0.806,0.144,241.423,3.484
2009-09-26,1.081,0.2,241.179,4.585
2009-09-27,0.979,0.16,241.222,4.201
2009-09-28,0.902,0.134,241.726,3.795
2009-09-29,0.796,0.139,240.897,3.394
2009-09-30,1.233,0.148,240.757,5.233
2009-10-01,1.46,0.112,244.12,6.089
2009-10-02,1.35,0.08,243.158,5.584
2009-10-03,1.275,0.08,241.828,5.341
2009-10-04,1.279,0.115,242.034,5.329
2009-10-05,1.367,0.142,241.072,5.844
2009-10-06,1.113,0.111,240.716,4.734
2009-10-07,0.827,0.151,242.247,3.52
2009-10-08,0.743,0.207,241.028,3.277
2009-10-09,0.772,0.141,241.229,3.309
2009-10-10,1.398,0.178,239.761,5.927
2009-10-11,1.115,0.116,242.501,4.648
2009-10-12,1.429,0.155,241.782,5.969
2009-10-13,1.006,0.115,240.247,4.25
2009-10-14,1.188,0.122,239.759,5.005
2009-10-15,1.035,0.097,241.122,4.324
2009-10-16,1.053,0.101,240.246,4.415
2009-10-17,1.904,0.181,238.891,8.046
2009-10-18,1.081,0.099,240.751,4.501
2009-10-19,0.951,0.093,242.26,3.953
2009-10-20,1.196,0.105,242.528,4.975
2009-10-21,1.368,0.133,242.307,5.713
2009-10-22,0.972,0.108,242.414,4.042
2009-10-23,1.22,0.137,241.096,5.145
2009-10-24,1.816,0.152,239.893,7.658
2009-10-25,1.671,0.169,239.926,7.07
2009-10-26,0.772,0.111,241.53,3.239
2009-10-27,0.776,0.121,241.243,3.27
2009-10-28,0.881,0.115,241.408,3.689
2009-10-29,1.376,0.175,240.347,5.853
2009-10-30,1.037,0.117,241.48,4.352
2009-10-31,1.303,0.119,240.519,5.453
2009-11-01,1.372,0.099,245.532,5.765
2009-11-02,1.833,0.166,242.098,7.731
2009-11-03,1.671,0.095,241.821,7.028
2009-11-04,1.71,0.176,240.969,7.175
2009-11-05,1.054,0.11,240.251,4.431
2009-11-06,0.903,0.111,241.176,3.853
2009-11-07,0.69,0.173,242.215,3.018
2009-11-08,0.66,0.214,241.841,2.949
2009-11-09,0.843,0.127,241.15,3.566
2009-11-10,1.347,0.187,240.649,5.747
2009-11-11,1.417,0.155,242.371,5.975
2009-11-12,1.239,0.153,244.291,5.131
2009-11-13,1.065,0.109,241.236,4.456
2009-11-14,1.778,0.171,240.222,7.453
2009-11-15,1.366,0.147,240.325,5.778
2009-11-16,1.052,0.109,241.885,4.403
2009-11-17,1.186,0.116,242.661,4.913
2009-11-18,1.833,0.142,241.297,7.686
2009-11-19,1.024,0.104,242.975,4.251
2009-11-20,1.362,0.101,241.582,5.692
2009-11-21,1.734,0.147,240.621,7.281
2009-11-22,1.702,0.155,241.078,7.193
2009-11-23,1.022,0.103,242.743,4.237
2009-11-24,1.478,0.107,241.977,6.18
2009-11-25,1.375,0.122,241.179,5.77
2009-11-26,1.111,0.098,242.643,4.611
2009-11-27,0.958,0.092,241.859,3.961
2009-11-28,1.291,0.156,241.596,5.406
2009-11-29,1.147,0.133,243.309,4.777
2009-11-30,1.212,0.107,243.764,5.022
2009-12-01,1.104,0.078,245.527,4.514
2009-12-02,1.367,0.083,242.912,5.683
2009-12-03,1.311,0.094,241.998,5.458
2009-12-04,1.487,0.196,240.403,6.333
2009-12-05,1.129,0.104,240.377,4.769
2009-12-06,0.765,0.106,240.937,3.266
2009-12-07,0.357,0.133,242.305,1.601
2009-12-08,0.573,0.189,241.808,2.554
2009-12-09,1.434,0.226,240.707,6.142
2009-12-10,0.939,0.11,240.224,3.969
2009-12-11,1.016,0.106,242.207,4.253
2009-12-12,1.261,0.173,244.939,5.261
2009-12-13,1.485,0.154,244.498,6.165
2009-12-14,1.246,0.106,246.149,5.122
2009-12-15,1.347,0.113,246.043,5.515
2009-12-16,0.969,0.107,247.216,3.993
2009-12-17,1.192,0.103,246.894,4.841
2009-12-18,1.212,0.111,246.595,4.968
2009-12-19,1.531,0.096,245.935,6.243
2009-12-20,0.795,0.085,247.435,3.244
2009-12-21,1.413,0.119,246.409,5.778
2009-12-22,1.311,0.107,245.738,5.366
2009-12-23,1.011,0.094,246.879,4.121
2009-12-24,2.018,0.141,245.835,8.294
2009-12-25,1.478,0.134,243.588,6.128
2009-12-26,1.516,0.112,242.466,6.306
2009-12-27,1.525,0.144,242.666,6.365
2009-12-28,1.454,0.126,243.778,6.033
2009-12-29,1.422,0.168,243.183,5.913
2009-12-30,1.702,0.185,241.052,7.168
2009-12-31,1.536,0.13,240.959,6.402
2010-01-01,0.85,0.115,242.566,3.537
2010-01-02,1.176,0.087,243.632,4.858
2010-01-03,0.902,0.09,241.823,3.758
2010-01-04,1.172,0.1,241.754,4.879
2010-01-05,0.917,0.134,240.647,3.93
2010-01-06,0.881,0.095,240.54,3.718
2010-01-07,0.937,0.2,239.314,4.052
2010-01-08,0.386,0.128,239.801,1.721
2010-01-09,1.106,0.125,241.263,4.692
2010-01-10,1.045,0.11,240.802,4.373
2010-01-11,0.961,0.13,246.38,3.938
2010-01-14,2.075,0.236,243.584,8.683
2010-01-15,1.526,0.152,243.726,6.335
2010-01-16,1.493,0.168,243.045,6.22
2010-01-17,1.324,0.131,242.543,5.522
2010-01-18,1.306,0.133,243.636,5.422
2010-01-19,1.69,0.112,243.023,7.005
2010-01-20,1.633,0.139,242.76,6.811
2010-01-21,1.485,0.129,242.951,6.162
2010-01-22,1.243,0.109,241.85,5.183
2010-01-23,1.813,0.181,240.828,7.665
2010-01-24,1.576,0.122,241.746,6.605
2010-01-25,1.341,0.103,242.899,5.55
2010-01-26,1.436,0.091,243.339,5.903
2010-01-27,1.917,0.103,241.986,7.99
2010-01-28,1.465,0.11,243.249,6.063
2010-01-29,1.453,0.103,243.633,5.979
2010-01-30,1.974,0.164,242.079,8.307
2010-01-31,1.249,0.119,243.403,5.202
2010-02-01,0.91,0.139,244.677,3.814
2010-02-02,1.498,0.091,243.333,6.148
2010-02-03,0.533,0.095,241.752,2.226
2010-02-04,1.145,0.106,242.774,4.733
2010-02-05,1.519,0.162,240.388,6.422
2010-02-06,0.681,0.09,240.336,2.916
2010-02-07,0.792,0.206,239.63,3.495
2010-02-08,0.382,0.127,240.897,1.701
2010-02-09,0.967,0.118,240.944,4.089
2010-02-10,1.336,0.115,240.703,5.584
2010-02-11,0.827,0.13,245.787,3.422
2010-02-13,1.633,0.101,242.889,6.744
2010-02-14,1.172,0.087,243.144,4.831
2010-02-15,1.456,0.091,243.447,6.042
2010-02-16,1.248,0.083,243.754,5.148
2010-02-17,1.427,0.083,242.347,5.941
2010-02-18,1.223,0.097,243.588,5.038
2010-02-19,1.357,0.094,241.707,5.654
2010-02-20,1.378,0.105,241.789,5.746
2010-02-21,1.903,0.116,240.625,8.038
2010-02-22,1.024,0.112,240.579,4.315
2010-02-23,1.015,0.117,241.985,4.255
2010-02-24,1.329,0.104,241.466,5.523
2010-02-25,1.306,0.091,240.983,5.406
2010-02-26,1.472,0.097,240.426,6.139
2010-02-27,1.226,0.106,241.544,5.151
2010-02-28,0.494,0.093,242.567,2.061
2010-03-01,1.447,0.133,243.745,6.044
2010-03-02,2.016,0.128,242.388,8.37
2010-03-03,0.65,0.084,241.211,2.733
2010-03-04,1.254,0.144,243.25,5.171
2010-03-05,0.98,0.106,237.187,4.159
2010-03-06,0.968,0.114,240.245,4.154
2010-03-07,0.778,0.219,241.336,3.421
2010-03-08,0.427,0.123,241.502,1.853
2010-03-09,0.935,0.117,240.534,3.973
2010-03-10,1.271,0.141,241.933,5.398
2010-03-11,0.898,0.122,244.279,3.76
2010-03-13,1.655,0.184,241.997,6.905
2010-03-14,1.088,0.139,241.986,4.595
2010-03-15,1.244,0.114,242.296,5.178
2010-03-16,1.071,0.116,241.54,4.461
2010-03-17,1.395,0.129,241.641,5.828
2010-03-18,1.085,0.115,241.502,4.547
2010-03-19,1.155,0.132,241.424,4.806
2010-03-20,0.568,0.1,242.469,2.369
2010-03-21,1.477,0.14,240.424,6.266
2010-03-22,1.124,0.119,241.359,4.687
2010-03-23,1.265,0.13,241.166,5.37
2010-03-24,1.385,0.146,240.725,5.802
2010-03-25,1.167,0.13,242.265,4.843
2010-03-26,1.147,0.143,241.504,4.799
2010-03-27,1.283,0.135,240.413,5.393
2010-03-28,1.249,0.181,241.374,5.324
2010-03-29,1.127,0.144,241.522,4.726
2010-03-30,1.324,0.195,241.085,5.637
2010-03-31,1.336,0.14,240.194,5.663
2010-04-01,1.114,0.109,245.699,4.599
2010-04-02,1.609,0.099,242.101,6.644
2010-04-03,0.474,0.087,242.992,2.007
2010-04-04,1.174,0.166,241.747,4.926
2010-04-05,1.053,0.107,236.037,4.502
2010-04-06,0.986,0.129,240.28,4.203
2010-04-07,1.068,0.195,240.334,4.562
2010-04-08,0.377,0.125,241.398,1.672
2010-04-09,1.211,0.151,241.102,5.173
2010-04-10,1.233,0.13,240.621,5.198
2010-04-11,1.774,0.175,243.152,7.496
2010-04-13,1.05,0.119,241.735,4.392
2010-04-14,1.153,0.124,241.376,4.847
2010-04-15,1.3,0.116,240.852,5.425
2010-04-16,1.085,0.118,241.992,4.551
2010-04-17,1.082,0.104,241.305,4.548
2010-04-18,1.025,0.103,240.681,4.281
2010-04-19,1.187,0.116,241.26,4.963
2010-04-20,1.273,0.122,240.777,5.331
2010-04-21,1.097,0.11,241.93,4.556
2010-04-22,1.015,0.13,240.746,4.266
2010-04-23,0.82,0.123,241.613,3.435
2010-04-24,1.054,0.213,241.516,4.585
2010-04-25,1.071,0.166,240.662,4.522
2010-04-26,0.752,0.116,241.231,3.169
2010-04-27,0.869,0.113,242.076,3.616
2010-04-28,0.603,0.127,242.52,2.551
2010-04-29,0.766,0.121,242.279,3.196
2010-04-30,0.777,0.145,241.818,3.323
2010-05-01,1.542,0.103,244.521,6.347
2010-05-02,1.458,0.099,241.941,6.075
2010-05-03,0.787,0.094,243.486,3.266
2010-05-04,0.777,0.115,243.655,3.269
2010-05-05,1.254,0.09,236.106,5.365
2010-05-06,1.396,0.204,241.1,6.095
2010-05-07,0.774,0.162,241.183,3.331
2010-05-08,0.37,0.121,241.859,1.635
2010-05-09,0.919,0.13,242.141,3.964
2010-05-10,1.288,0.148,239.919,5.422
2010-05-11,1.206,0.125,243.775,5.053
2010-05-13,1.079,0.107,242.959,4.478
2010-05-14,1.196,0.111,242.067,4.982
2010-05-15,1.351,0.162,242.103,5.709
2010-05-16,1.459,0.114,240.974,6.154
2010-05-17,1.131,0.102,241.36,4.723
2010-05-18,0.987,0.104,241.521,4.118
2010-05-19,0.991,0.105,241.601,4.176
2010-05-20,0.801,0.097,242.451,3.355
2010-05-21,0.899,0.116,241.759,3.798
2010-05-22,1.455,0.148,239.553,6.157
2010-05-23,1.033,0.176,240.69,4.398
2010-05-24,0.931,0.158,241.035,3.971
2010-05-25,0.832,0.142,240.263,3.591
2010-05-26,0.964,0.168,239.543,4.185
2010-05-27,0.919,0.136,239.921,3.911
2010-05-28,0.971,0.113,240.04,4.099
2010-05-29,1.423,0.143,240.202,6.041
2010-05-30,1.157,0.123,240.467,4.902
2010-05-31,0.931,0.101,240.69,3.973
2010-06-01,1.234,0.106,245.235,5.112
2010-06-02,1.884,0.206,241.092,7.933
2010-06-03,0.552,0.097,243.031,2.307
2010-06-04,1.268,0.118,242.744,5.259
2010-06-05,0.902,0.082,235.989,3.822
2010-06-06,1.213,0.202,241.422,5.288
2010-06-07,0.699,0.134,240.53,3.006
2010-06-08,0.364,0.114,240.953,1.604
2010-06-09,0.988,0.112,241.842,4.207
2010-06-10,0.914,0.098,241.276,3.816
2010-06-11,1.254,0.135,238.43,5.345
2010-06-13,1.163,0.176,241.203,5.06
2010-06-14,0.846,0.124,241.617,3.614
2010-06-15,0.85,0.124,240.903,3.623
2010-06-16,1.228,0.127,240.751,5.184
2010-06-17,0.714,0.117,240.427,3.051
2010-06-18,0.925,0.119,240.523,3.946
2010-06-19,0.983,0.146,241.704,4.214
2010-06-20,1.161,0.1,240.308,4.924
2010-06-21,1.153,0.118,240.954,4.948
2010-06-22,1.056,0.145,240.685,4.582
2010-06-23,1.001,0.206,239.999,4.383
2010-06-24,0.761,0.16,240.809,3.275
2010-06-25,0.763,0.152,240.531,3.321
2010-06-26,0.682,0.205,241.495,3.003
2010-06-27,0.792,0.212,239.947,3.485
2010-06-28,1.022,0.195,240.429,4.372
2010-06-29,0.95,0.224,240.34,4.162
2010-06-30,0.961,0.166,240.611,4.094
2010-07-01,1.229,0.08,244.909,5.07
2010-07-02,1.129,0.113,242.684,4.727
2010-07-03,0.953,0.093,243.552,3.967
2010-07-04,1.109,0.128,241.831,4.645
2010-07-05,1.142,0.101,237.496,4.816
2010-07-06,0.703,0.128,242.331,3.033
2010-07-07,0.58,0.146,240.657,2.547
2010-07-08,0.366,0.117,241.325,1.618
2010-07-09,1.008,0.117,241.275,4.307
2010-07-10,1.257,0.125,241.605,5.288
2010-07-11,1.162,0.122,238.436,4.966
2010-07-13,0.96,0.2,240.495,4.24
2010-07-14,0.979,0.173,240.342,4.261
2010-07-15,1.135,0.134,240.37,4.787
2010-07-16,0.569,0.137,241.154,2.487
2010-07-17,0.56,0.126,241.184,2.424
2010-07-18,0.564,0.118,241.45,2.418
2010-07-19,0.556,0.134,241.85,2.395
2010-07-20,0.594,0.152,241.649,2.568
2010-07-21,0.739,0.17,241.721,3.205
2010-07-22,0.809,0.216,241.19,3.501
2010-07-23,0.817,0.198,239.883,3.523
2010-07-24,0.64,0.199,240.297,2.786
2010-07-25,0.785,0.179,240.279,3.369
2010-07-26,0.614,0.124,240.938,2.658
2010-07-27,0.661,0.121,239.63,2.827
2010-07-28,0.599,0.127,240.306,2.583
2010-07-29,0.381,0.123,240.385,1.69
2010-07-30,0.383,0.12,240.049,1.695
2010-07-31,0.385,0.126,239.681,1.716
2010-08-01,1.248,0.111,244.405,5.151
2010-08-02,1.793,0.097,241.997,7.408
2010-08-03,1.776,0.175,243.775,7.424
2010-08-04,1.145,0.115,241.995,4.759
2010-08-05,1.065,0.12,241.897,4.485
2010-08-06,0.946,0.138,241.077,4.034
2010-08-07,0.842,0.171,240.304,3.629
2010-08-08,0.367,0.117,240.734,1.623
2010-08-09,0.905,0.119,240.984,3.872
2010-08-10,1.049,0.139,240.982,4.433
2010-08-11,1.268,0.101,237.743,5.373
2010-08-13,0.371,0.115,240.991,1.635
2010-08-14,0.385,0.111,241.166,1.683
2010-08-15,0.733,0.144,241.687,3.161
2010-08-16,0.785,0.128,241.077,3.417
2010-08-17,0.775,0.11,240.992,3.293
2010-08-22,0.614,0.162,242.665,2.707
2010-08-23,0.532,0.144,242.045,2.328
2010-08-24,0.502,0.122,241.608,2.255
2010-08-25,0.681,0.112,241.116,2.945
2010-08-26,0.526,0.124,241.814,2.301
2010-08-27,1.41,0.211,240.859,5.994
2010-08-28,1.002,0.165,242.566,4.282
2010-08-29,1.159,0.133,241.008,4.938
2010-08-30,1.038,0.125,241.374,4.383
2010-08-31,0.948,0.117,241.192,4.103
2010-09-01,1.623,0.138,243.87,6.733
2010-09-02,1.681,0.097,243.15,6.92
2010-09-03,1.222,0.117,243.528,5.081
2010-09-04,0.856,0.113,242.583,3.571
2010-09-05,1.088,0.143,241.401,4.638
2010-09-06,1.066,0.127,241.187,4.545
2010-09-07,0.752,0.218,240.793,3.323
2010-09-08,0.372,0.119,241.069,1.638
2010-09-09,0.86,0.117,240.603,3.702
2010-09-10,1.119,0.176,240.198,4.741
2010-09-11,1.404,0.107,237.788,5.986
2010-09-13,0.747,0.132,241.155,3.241
2010-09-14,0.994,0.137,240.941,4.237
2010-09-15,0.685,0.152,241.297,2.953
2010-09-16,0.93,0.119,240.412,3.934
2010-09-17,1.04,0.137,240.815,4.428
2010-09-18,0.867,0.112,241.559,3.662
2010-09-19,0.639,0.102,241.711,2.712
2010-09-20,1.169,0.136,241.494,4.986
2010-09-21,0.772,0.125,240.919,3.312
2010-09-22,1.049,0.131,240.655,4.468
2010-09-23,1.007,0.115,240.724,4.228
2010-09-24,0.922,0.129,240.589,3.924
2010-09-25,0.449,0.121,240.775,1.942
2010-09-28,1.639,0.09,240.246,6.852
2010-09-29,1.17,0.097,241.223,4.879
2010-09-30,0.867,0.106,242.308,3.604
2010-10-01,1.742,0.158,243.841,7.226
2010-10-02,1.351,0.098,242.45,5.609
2010-10-03,1.266,0.09,243.566,5.197
2010-10-04,0.827,0.125,241.283,3.486
2010-10-05,1.019,0.1,240.998,4.26
2010-10-06,0.844,0.12,241.694,3.592
2010-10-07,0.802,0.195,240.063,3.51
2010-10-08,0.378,0.126,241.955,1.665
2010-10-09,0.922,0.139,241.818,3.922
2010-10-10,1.388,0.227,240.342,5.918
2010-10-11,1.352,0.107,239.085,5.717
2010-10-13,1.44,0.12,240.799,6.016
2010-10-14,1.483,0.15,240.903,6.261
2010-10-15,1.109,0.14,240.795,4.688
2010-10-16,0.694,0.117,241.917,2.936
2010-10-17,0.727,0.129,242.276,3.064
2010-10-18,1.885,0.181,241.816,7.903
2010-10-19,1.337,0.152,241.913,5.653
2010-10-20,1.2,0.113,242.248,5.034
2010-10-21,0.941,0.126,243.472,3.947
2010-10-22,1.159,0.103,242.798,4.783
2010-10-23,1.593,0.148,242.244,6.69
2010-10-24,1.661,0.187,243.022,6.971
2010-10-25,0.808,0.111,242.406,3.392
2010-10-26,0.657,0.12,244.891,2.75
2010-10-27,0.875,0.107,246.109,3.623
2010-10-28,1.016,0.13,246.254,4.2
2010-10-29,0.836,0.136,245.743,3.512
2010-10-30,1.495,0.136,243.267,6.229
2010-10-31,1.025,0.145,245.495,4.235
2010-11-01,1.055,0.108,246.069,4.335
2010-11-02,0.951,0.086,244.512,3.907
2010-11-03,1.355,0.106,242.681,5.639
2010-11-04,1.114,0.122,241.492,4.736
2010-11-05,1.091,0.106,242.383,4.544
2010-11-06,1.021,0.152,241.453,4.412
2010-11-07,0.829,0.21,239.774,3.648
2010-11-08,0.376,0.122,240.543,1.672
2010-11-09,1.016,0.164,241.671,4.312
2010-11-10,1.127,0.186,239.926,4.82
2010-11-11,1.232,0.106,238.729,5.256
2010-11-13,1.405,0.113,239.333,5.92
2010-11-14,1.416,0.141,239.28,6.032
2010-11-15,1.213,0.088,239.549,5.126
2010-11-16,1.048,0.093,241.198,4.404
2010-11-17,1.099,0.099,241.452,4.631
2010-11-18,1.147,0.143,241.017,4.877
2010-11-19,1.091,0.085,240.047,4.578
2010-11-20,1.526,0.107,240.608,6.472
2010-11-21,0.626,0.083,241.18,2.638
2010-11-22,1.418,0.099,240.197,6.014
2010-11-23,1.096,0.095,240.576,4.674
2010-11-24,1.247,0.092,240.031,5.25
2010-11-25,0.994,0.081,241.536,4.169
2010-11-26,1.178,0.096,240.291,4.956
2010-12-01,1.436,0.148,244.251,5.976
2010-12-02,1.315,0.092,243.626,5.408
2010-12-03,1.143,0.103,243.014,4.722
2010-12-04,1.0,0.11,242.006,4.164
2010-12-05,1.413,0.111,241.717,5.89
2010-12-06,1.371,0.189,240.354,5.848
2010-12-07,0.771,0.199,240.219,3.397
2010-12-08,0.368,0.117,240.795,1.624
2010-12-09,1.12,0.14,241.62,4.756
2010-12-10,1.097,0.118,240.261,4.681
2010-12-11,1.276,0.105,238.838,5.435
